id,first_name,last_name,Email,Money
1,Meredeth,de Mendoza,mdemendoza0@webeden.co.uk,5192.19
2,Faith,Beckingham,fbeckingham1@deliciousdays.com,1885.98
3,Gavin,Pennetti,gpennetti2@google.ru,4477.84
4,Roxanna,MacDuffie,rmacduffie3@usda.gov,7740.04
5,Flory,Blyden,fblyden4@eventbrite.com,6743.26
6,Magnum,Dole,mdole5@w3.org,6538.73
7,Jennine,Grima,jgrima6@amazon.com,6860.34
8,Janela,Hambleton,jhambleton7@mac.com,1274.73
9,Thomasin,Luttgert,tluttgert8@scientificamerican.com,2003.80
10,Marieann,Rustidge,mrustidge9@illinois.edu,1786.13
11,Evin,Doman,edomana@tinyurl.com,5677.33
12,Elenore,Essberger,eessbergerb@cpanel.net,9343.40
13,Skippy,Beecroft,sbeecroftc@mashable.com,7707.22
14,Natasha,Bemment,nbemmentd@domainmarket.com,8994.02
15,Gardner,Gerger,ggergere@booking.com,1750.94
16,Tiebout,Varker,tvarkerf@odnoklassniki.ru,6950.93
17,Roddie,Pulver,rpulverg@ebay.com,1411.07
18,Laure,Bendley,lbendleyh@independent.co.uk,5925.27
19,Seth,McUre,smcurei@twitpic.com,6698.87
20,Matias,Rosengren,mrosengrenj@walmart.com,2920.57
21,Vivianne,Lapthorn,vlapthornk@clickbank.net,4766.75
22,Charmian,Kerley,ckerleyl@spotify.com,8813.03
23,Gabi,Morrant,gmorrantm@umn.edu,5421.04
24,Huntlee,McVeigh,hmcveighn@imdb.com,3463.84
25,Laverna,Adiscot,ladiscoto@tripod.com,2265.21
26,Trevar,Nowakowski,tnowakowskip@barnesandnoble.com,5161.52
27,Gris,Clayton,gclaytonq@google.com.au,9286.74
28,Maxim,Sharphouse,msharphouser@constantcontact.com,6775.28
29,Jess,Cleynman,jcleynmans@lycos.com,1243.10
30,Marius,Hawket,mhawkett@drupal.org,2681.24
31,Novelia,Cogman,ncogmanu@blogspot.com,9590.14
32,Hartwell,Cowden,hcowdenv@craigslist.org,1961.71
33,Teirtza,Hackney,thackneyw@webs.com,2878.83
34,Gloria,Qualtro,gqualtrox@netscape.com,2346.20
35,Zebedee,Sleigh,zsleighy@jalbum.net,5957.11
36,Bartholemy,Dietzler,bdietzlerz@ehow.com,2308.46
37,Patrizia,Garces,pgarces10@so-net.ne.jp,6433.96
38,Heinrik,Heather,hheather11@prnewswire.com,5860.77
39,Creight,Bellew,cbellew12@shutterfly.com,7143.94
40,Livvyy,Mence,lmence13@ifeng.com,3250.77
41,Esme,Littledyke,elittledyke14@sourceforge.net,6014.10
42,Hubert,Silcocks,hsilcocks15@businessinsider.com,9406.36
43,Elsi,Pagen,epagen16@linkedin.com,2097.17
44,Ernesta,Britt,ebritt17@fastcompany.com,7169.18
45,Cos,Hallam,challam18@blogspot.com,7934.28
46,Beverlee,Rottery,brottery19@woothemes.com,3135.71
47,Darius,Postlethwaite,dpostlethwaite1a@youtu.be,5847.53
48,Fredelia,Thornebarrow,fthornebarrow1b@hao123.com,8675.73
49,Nils,Simonard,nsimonard1c@huffingtonpost.com,3480.57
50,Giulia,Faltin,gfaltin1d@jalbum.net,2076.38
